chapter_name,chapter_number,topic_name,topic_number,content
Mengenali Sejarah,1,Menyatakan-pengertian-sejarah-secara-umum,1.1," Pengertian Sejarah Pengertian sejarah merujuk tentang masyarakat dan peristiwa masa lalu yang diperoleh berdasarkan bukti. Sejarah Peristiwa yang berlaku pada masa lalu. Sejarawan Ahli sejarah yang menyelidiki rekod-rekod lalu dan memuatkan dapatan kajian mereka seperti dalam bentuk buku, monograf atau majalah. Pengertian sejarah dari aspek bahasa Bahasa Istilah Maksud Bahasa Melayu Syajaratun (Perkataan Arab) Pokok Sejarah Salasilah, riwayat, keturunan dan asal usul Kamus Dewan Sejarah Asal usul (keturunan), salasilah Peristiwa yang benar-benar berlaku pada waktu yang lampau, kisah, riwayat dan tambo Kajian atau pengetahuan tentang peristiwa-peristiwa yang telah lalu Bahasa Inggeris History Cerita tentang seseorang Historia (Bahasa Yunani) Penyelidikan"
Mengenali Sejarah,1,"Menjelaskan-pengertian-sejarah-mengikut-pandangan-sejarawan-seperti-Herodotus,-E.H-Carr,-Ibn-Khaldun,-dan-Mohd.Yusuf-Ibrahim",1.2," Pengertian Sejarah Mengikut Pandangan Sejarawan Sejarawan Pengertian Sejarah Herodotus Penceritaan tentang tindakan manusia yang penting dan mengagumkan serta sebab berlakunya sesuatu peristiwa. E.H. Carr Suatu proses interaksi berterusan antara ahli sejarah dengan fakta-faktanya, suatu dialog yang tidak berkesudahan antara masa kini dengan masa lampau. Ibn Khaldun Sejarah membicarakan perkara tentang masyarakat manusia, peradaban dunia dan perubahan-perubahan yang berlaku pada sifat-sifat masyarakat itu. Khoo Kay Kim Sejarah merujuk kepada apa-apa yang pernah atau sudah berlaku. Sejarah mendorong kita lebih memahami apa-apa yang berlaku pada masa kini, di samping menjamin kesilapan yang sama tidak berulang. Sejarah ialah ibu kepada semua bidang. Muhd Yusof Ibrahim Sejarah ialah masa lalu itu sendiri. Sejarah juga merupakan catatan ataupun rekod tentang sesuatu peristiwa yang berlaku pada suatu masa yang lalu."
Mengenali Sejarah,1,Menghuraikan-konsep-masa-silam-dan-ruang-dalam-sejarah,1.3, Masa Silam dan Ruang dalam Sejarah Sumber: Buku Teks Sejarah Tingkatan 1 KSSM Istilah Definisi Masa silam Rentetan peristiwa yang telah berlaku. Kronologi Pengkajian masa silam berdasarkan urutan masa. Rentetan peristiwa yang berlaku secara teratur mengikut urutan masa dari awal hingga yang terakhir dan bergerak mengikut satu garisan lurus. Dekad 10 tahun Abad 100 tahun Alaf 1 000 tahun Sebelum Masihi (SM) Tahun-tahun sebelum kelahiran Nabi Isa AS. Masihi (M) Tahun bermula dengan kelahiran Nabi Isa AS.
Mengenali Sejarah,1,Membincangkan-sumber-sejarah,1.4," Sumber Sejarah Sejarah ditulis berdasarkan kajian terhadap sumber sejarah yang membantu kita untuk mengetahui sesuatu peristiwa masa lalu. Sumber Sejarah Definisi Contoh Sumber primer Sumber ini belum diolah atau diterbitkan Bersifat asli Belum ditafsir Fosil Artifak Bukan artifak Batu bersurat Keterangan lisan Dokumen rasmi Manuskrip Fail rasmi jabatan Surat peribadi Diari Sumber sekunder Bahan yang telah diolah dan diterbitkan Bahan tersebar kepada umum Buku Akhbar Majalah Jurnal Ensiklopedia Risalah Istilah Definisi Artifak Peralatan ciptaan manusia yang digunakan untuk perburuan, pertanian dan perdagangan. Bukan artifak Data arkeologi berkaitan dengan budaya manusia yang terdapat di bawah tanah dan di atas permukaan tanah, seperti dinding gua, dinding kota dan struktur binaan. Fosil Tinggalan haiwan atau tumbuhan zaman prasejarah yang diawet dalam batuan. Manuskrip Bahan tulisan tangan yang telah disediakan oleh penulis untuk dicetak dan diterbitkan dalam bentuk buku dan lain-lain. Ensiklopedia Salah satu sumber sekunder. Bahan yang terkandung dalam ensiklopedia adalah berdasarkan fakta dan sumber sejarah yang sahih."
Mengenali Sejarah,1,Menjelaskan-kaedah-penyelidikan-sejarah,1.5," Penyelidikan dalam Sejarah Terdapat tiga kaedah yang digunakan oleh sejarawan semasa melakukan penyelidikan sejarah. 1. Kaedah bertulis Merupakan kajian terhadap sesuatu peristiwa daripada maklumat pada sumber yang dipahat atau ditulis. Contoh sumber bertulis: dinding gua, dipahat pada batu, kulit kayu gading daun lontar catatan harian seseorang fail kerajaan catatan pengembaraan batu bersurat Proses kaedah bertulis Mengenal pasti sumber bagi sesuatu peristiwa, tokoh atau institusi Mendapat dan mengesahkan sumber bertulis tersebut Menggunakan peralatan yang sesuai (penggunaan teknologi maklumat dan komunikasi serta peralatan arkeologi) Menganalisis Iktibar daripada kaedah bertulis: Mengetahui sejarah masa lalu dalam pelbagai bidang seperti kebudayaan, keagamaan dan perubatan. Memperoleh maklumat daripada masyarakat tradisional di asia tenggara. Menyelidiki sejarah negara. Batu Bersurat Terengganu yang bertarikh 702 Hijrah bersamaan tahun 1303 Masihi menceritakan perihal hukum Islam. Bukti kepada kewujudan agama Islam di negara kita. 2. Kaedah lisan Merupakan proses mendapatkan maklumat melalui temu bual. Orang sumber ialah orang yang memberikan maklumat melalui perhatian dan pengalaman sendiri Kelemahan kaedah lisan ialah adanya unsur tokok tambah. Ahli sejarawan perlu memilih,mentafsir dan membandingkan fakta bagi mendapatkan kebenaran sesuatu maklumat. Tiga tahap dalam kaedah lisan Persediaan Rakaman temu bual Memproses rakaman 3. Kaedah arkeologi Merupakan kaedah saintifk untuk mencari maklumat sejarah daripada bahan tinggalan sejarah menggunakan kaedah gali cari atau ekskavasi. Contoh bahan tinggalan sejarah: Fosil Tembikar Bahan logam Binaan daripada batu Langkah-langkah aktiviti gali cari di tapak penemuan: Perancangan grid sebelum kerja ekskavasi. Setiap petak diberikan nombor rujukan. Menandakan kawasan berdasarkan pelan. Ekskavasi dengan mencatatkan semua penemuan. Langkah-langkah kerja di makmal arkeologi: Pemunggahan dan pengisihan mengikut jenis artifak atau lapisan tanah di tapak artifak dijumpai. Pembersihan dilakukan sebelum dikaji. Pengkatalogan bagi setiap artifak dengan nombor pengenalan. Penganalisisan bagi mendapatkan maklumat tentang sesuatu artifak. Kaedah arkeologi bawah air: Kajian saintifk tentang sejarah peninggalan manusia yang terdampar di dasar laut, sungai atau tasik."
Mengenali Sejarah,1,Menjelaskan-pentafsiran-sejarah,1.6," Tafsiran dalam Sejarah Faktor wujud perbezaan tafsiran pemilihan sumber yang pelbagai perbezaan pandangan perbezaan ideologi tujuan penulisan Kepentingan tafsiran dalam sejarah Menggalakkan penggunaan pelbagai sumber dalam penulisan bagi menghasilkan kajian yang mempunyai bukti yang kukuh. Mengajak kita menilai sesuatu peristiwa yang sama tetapi dilihat dari sudut yang berbeza. Mendorong kita berfikiran terbuka dan kritis. Contoh Tafsiran dalam Sejarah Peristiwa penentangan Tok Janggut di Pasir Puteh, Kelantan Pengkaji tempatan: Penentangan peraturan cukai tanah dan hasil hutan yang membebankan orang ramai. Pengkaji Barat: Pemberontakan"
Mengenali Sejarah,1,Membincangkan-kepentingan-mempelajari-sejarah,1.7, Kepentingan Mempelajari Sejarah Mengenal asal usul Mengambil iktibar dan pengajaran Memupuk patriotisme Mengukuhkan perpaduan Membangunkan negara dan bangsa Mengaplikasikan Kemahiran Pemikiran Sejarah
Zaman Air Batu,2,Zaman-Air-Batu,2.2," Zaman Air Batu Garis masa geologi yang menunjukkan suhu bumi menurun. Berlaku proses pengglasieran pada akhir zaman. Perubahan iklim dunia kepada suhu panas telah menyebabkan berakhirnya Zaman Air Batu. Tahap Zaman Air Batu terbahagi kepada: 1. Zaman Miosen 23 juta hingga 5 juta tahun dahulu. Gunung-ganang yang ada pada hari ini telah terbentuk secara fizikal. Mamalia, hidupan di laut dan di air wujud dan berkembang. Suhu dunia panas dan kering. 2. Zaman Pliosen 5.3 juta hingga 2.6 juta tahun dahulu. Penyejukan global Zaman Miosen yang lebih panas. penyebaran besar padang rumput dan savana. Berlaku penghijrahan tumbuhan dan haiwan ke habitat baharu. Dataran tinggi terbentuk, contohnya Grand Canyon di Amerika Syarikat. 3. Zaman Pleistosen 2.5 juta hingga 10,000 tahun dahulu Glasier utama berlaku 11 kali. Manusia telah mengetahui cara membuat api. Kebanyakan binatang yang wujud pada zaman ini masih kekal hingga kini. 4. Zaman Holosen 10,000 tahun dahulu hingga kini. Kehidupan manusia semakin maju. Roda dan tulisan kuneiform dicipta kira-kira 5,500 tahun dahulu. Tamadun manusia terus berkembang."
Zaman Air Batu,2,Mengenali-dunia-kita,2.1," Dunia Kita Bumi telah melalui pelbagai perubahan yang memberikan kesan terhadap rupa bentuk fizikal, iklim, cuaca, kehidupan dan kedalaman lautan. Usia bumi dijangka melebihi 4.6 bilion tahun. Bumi telah mengalami perubahan dari segi iklim dan fizikal. Bumi diselaputi salji di bahagian Kutub Utara dan Kutub Selatan sekitar 17 000 tahun dahulu. Terdapat binatang yang berbulu tebal, seperti: Woolly Mammoth Harimau bertaring panjang Sloth Definisi Geologi Bidang ilmu yang mengkaji pembentukan bumi. Paleontologi Bidang ilmu yang mengkaji organisma yang pernah hidup di bumi, sisa atau fosil yang telah terawet dalam sedimen binatang, tumbuhan dan bentuk-bentuk hidupan purbakala. Pembentukan Fizikal Bumi 650 juta tahun dahulu Tiada kehidupan. 390 juta tahun dahulu Air laut tawar. Wujud hidupan seperti ikan dan amfibia. 195 juta tahun dahulu Wujud Zaman Jurasik. Hidupan utama ialah dinosaur. 94 juta tahun dahulu Dinosaur pupus. Kelihatan rupa bentuk benua. 18 000 tahun dahulu Wujud kebanyakkan binatang seperti kuda, badak sumbu, anjing, dan kucing. Paras air laut meningkat. Kini Bumi pada hari ini."
Zaman Air Batu,2,Membina-garis-masa-Zaman-Air-Batu,2.3," Garis Masa Zaman Air Batu Zaman Air Batu terbahagi kepada empat zaman, iaitu: Zaman Miosen Zaman Pliosen Zaman Pleistosen Zaman Holosen Rajah berikut menunjukkan garis masa Zaman Air Batu. Sumber: Buku Teks Sejarah Tingkatan 1 KSSM Ahli paleontologi berpendapat bahawa hidupan bumi bermula 545 juta tahun dahulu Kepelbagaian spesies binatang berkait rapat dengan dua faktor: perubahan iklim peringkat zaman yang didahului"
Zaman Air Batu,2,Menjelaskan-ciri-ciri-Zaman-Air-Batu-akhir,2.4, Ciri-ciri Zaman Air Batu Akhir Ciri-ciri Zaman Air Batu Akhir: Ciri fizikal bumi Permukaan air laut yang membeku menyebabkan sebahagian besar bumi dilitupi salji. Aras laut Paras air laut rendah. Pulau-pulau bersambung dengan tanah besar dan memudahkan manusia serta binatang bermigrasi. Suhu Suhu dunia sangat sejuk Dunia dipenuhi salji terutamanya di kawasan kutub dan benua Eropah. Binatang Mamot berbulu Badak Kuda Singa Tumbuhan Rumput Tumbuhan renek yang menjalar Kehidupan manusia Manusia tinggal di kawasan tanah pamah yang sejuk Hidup secara nomad dan memburu binatang.
Zaman Air Batu,2,Membincangkan-perubahan-Zaman-Air-Batu,2.5," Perubahan Zaman Air Batu Akhir Perubahan suhu yang meningkat memberi kesan terhadap bentuk fizikal dan hidupan di bumi: Glasier menukarkan wajah dan bentuk fizikal bumi Perubahan paras air laut Pembentukan tasik air tawar Great Lakes, Kanada Tasik Dayang Bunting, Malaysia Kepupusan binatang Zaman Pleistosen Mamot Sloth Harimau bertaring Kesan terhadap manusia Zaman Holosen Perlu menyesuaikan aktiviti harian dengan perubahan iklim Berpindah dari benua Afrika ke benua Eropah dan benua Asia Suhu bumi meningkat Peningkatan suhu bumi akibat kegiatan radiasi bumi"
Zaman Air Batu,2,Menilai-kesan-perubahan-di-Asia-Tenggara,2.6," Kesan Perubahan Zaman Air Batu di Asia Tenggara Kesan penting termasuk: Kenaikan paras air laut di Pentas Sunda Pergerakan manusia di sekitar Pentas Sunda Kawasan tumpuan mamalia 10 000 tahun dahulu, Asia Tenggara merupakan kawasan tanah yang luas dan menghubungkan kawasan daratan dengan kepulauan yang dikenali sebagai Pentas Sunda. Kepulauan Sumatera, Jawa dan Borneo berada di atas Pentas Sunda. Kawasan yang dihubungkan melalui daratan menyatukan Burma (Myanmar) Thailand Laos Kemboja Vietnam Semenanjung Tanah Melayu Borneo Singapura. Negara-negara di Asia Tenggara mempunyai ciri-ciri fzikal dan hidupan yang hampir sama. Manusia yang tinggal di rantau Asia Tenggara berkongsi tamadun yang sama seperti: Kepercayaan Asal usul keturunan Bahasa Budaya Masyarakat. Misalnya, penduduk di Malaysia, Indonesia, selatan Thailand dan selatan Filipina berkongsi bahasa yang sama, iaitu bahasa Melayu. Kesan kecairan air batu pada akhir Zaman Holosen termasuk: Pembentukan sungai dan tasik di Asia Tenggara. Contoh sungai terbesar: Sungai Sunda Utara Aliran sungai menenggelamkan kawasan tanah rendah di sepanjang tepi pantai. Hal ini membawa kepada pembentukan Selat Melaka, Teluk Siam dan Laut Jawa. Asia Tenggara merupakan kawasan tumpuan mamalia kerana didiami oleh sebanyak 13% mamalia dunia. Namun begitu, binatang bersaiz besar telah pupus, seperti: Stegodon (gajah) Pachycrocuta (hyena atau dubuk)"
Zaman Prasejarah,3,Menyatakan-maksud-Zaman-Prasejarah,3.1," Maksud Zaman Prasejarah Zaman Prasejarah Zaman sebelum manusia mengetahui dan mengenal tulisan. Zaman prasejarah boleh dibahagikan kepada dua, iaitu Zaman Batu dan Zaman Logam. 1. Zaman Batu Penggunaan teknologi batu dalam kehidupan harian. Terdapat tiga tahap: Zaman Paleolitik (Zaman Batu Lama) Zaman Mesolitik (Zaman Batu Pertengahan) Zaman Neolitik (Zaman Batu Baru) 2. Zaman Logam Penggunaan teknologi gangsa dan besi Contoh peralatan besi: Kapak Tulang mawas Beliung Mata lembing Tempoh Masa Zaman Prasejarah Zaman Paleolitik 2.5 juta tahun – 8 000 SM Zaman Mesolitik 12 000 – 4 000 SM Zaman Neolitik 10 000 – 2 000 SM Zaman Logam 3 500 SM – 500 M"
Zaman Prasejarah,3,Menerangkan-lokasi-Zaman-Prasejarah,3.2," Lokasi Zaman Prasejarah di Dunia Lokasi prasejarah wujud di dua kawasan: Lembah sungai Gua Fungsi lokasi dan tapak terbahagi kepada: tapak petempatan perkuburan bandar kawasan perburuan pembuatan alatan batu Lokasi Zaman Prasejarah yang diiktiraf UNESCO di seluruh dunia: Gua Chauvet, Perancis Altamira, Sepanyol Catal Huyuk, Turki Stonehenge, Britain Bhimbetka, India Zhoukoudian, China Shahr-i-Sokhta, Iran Gobekli Tepe, Turki Lokasi Zaman Prasejarah di Asia Tenggara: Ban Chiang, Thailand Lenggong, Malaysia – Penemuan rangka Perak Man Gua Liang Bua, Pulau Flores, Indonesia Gua Padah-lin, Myanmar Sa Hyun, Vietnam Gua Tabon, Filipina"
Zaman Prasejarah,3,Membandingkan-ciri--ciri-kehidupan-pada-Zaman-Prasejarah,3.3," Ciri-ciri Kehidupan Manusia Zaman Prasejarah Ciri-ciri Kehidupan Manusia Zaman Prasejarah Ciri-ciri Zaman Paleolitik Zaman Mesolitik Zaman Neolitik Zaman Logam Tempat Kediaman Gua, lubang bawah tanah, di bawah pokok, tempat berlindung yang diperbuat daripada ranting Gua, lubang bawah tanah, di bawah pokok, tempat berlindung yang diperbuat daripada ranting Hidup menetap di kawasan lembah sungai dan di pesisiran pantai Rumah dibina yang diperbuat daripada batu, tanah liat dan kayu Peralatan Peralatan daripada batu, kayu dan tulang haiwan Bentuk ringkas dan kasar Peralatan daripada batu, kayu dan tulang haiwan Bentuk halus dan kemas Terdapat peralatan seperti alat menggali dan roda Peralatan logam Peralatan terdiri daripada tembaga, gangsa dan besi Pengumpulan makanan Mengumpul makanan Memburu binatang Mengumpul makanan Mengumpul kerang dan siput Bercucuk tanam Menternak binatang Bercucuk tanam Menternak binatang Perdagangan tukar barang Kegiatan ekonomi Mengutip hasil hutan Memburu binatang Hidup secara nomad Bersifat sara diri Mengutip hasil hutan Memburu binatang Pertanian Penternakan Perdagangan sistem barter Pengkhususan kerja bermula Pertanian Penternakan Perdagangan pertukaran barang Pembuatan Pertukangan Organisasi sosial Gabungan beberapa keluarga Gabungan beberapa keluarga Wujud pembahagian sosial antara kelas atasan dan kelas bawahan Pembentukan sistem pentadbiran Kepercayaan Animisme Percaya pada kuasa alam semula jadi Objek sekeliling mempunyai kuasa Animisme Amalan penyembahan Kepercayaan kehidupan selepas mati Mayat diuruskan dengan teliti dan dikebumikan dengan sempurna Penyembahan terhadap kuasa alam Binaan khusus bagi upacara ritual. Kesenian dan kebudayaan Lukisan gua bersifat realisme Lukisan gua bersifat realisme Lukisan gua Hiasan tembikar Nilai estetika dipentingkan"
Zaman Prasejarah,3,Menyatakan-kesinambungan-sumbangan-Zaman-Prasejarah-kepada-kemajuan-kehidupan-manusia,3.4," Kesinambungan Sumbangan Zaman Prasejarah kepada Kemajuan Kehidupan Manusia Antara aktiviti Zaman Prasejerah yang masih dilakukan hingga hari ini termasuk: Aktiviti pertanian Jenis tanaman: Padi Gandum Barli Sumber makanan penting manusia Menjadi aktiviti komersial pada zaman moden Dilakukan secara besar-besaran di ladang dengan menggunakan peralatan moden Memburu binatang Dijalankan sebagai hobi Menggunakan senjata yang lebih canggih, berlesen dan berdaftar Perlu mendapatkan lesen daripada pihak berkuasa Menternak binatang Dijalankan secara komersial bagi menampung keperluan daging dan tenusu negara Peralatan Hasil ciptaan inovasi yang banyak membantu kehidupan manusia Contoh peralatan gangsa dan besi: Pedang Parang Tombak Cangkul Keris Kapak Mesin moden dihasilkan Tembikar Bekas makanan dan peralatan masakan Peralatan dalam upacara ritual Komoditi perdagangan Industri labu sayong di Kuala Kangsar, Perak Penemuan tembikar berkaki tiga Zaman Hoabinhian di Bukit Keplu, Kedah Ideofak Pelbagai kaedah pengebumian mayat Mayat dikebumikan bersama-sama pelbagai peralatan Contoh: Gua Cha, Kelantan: Pengebumian memanjang. Kepala mayat diletakkan di atas “bantal” batu. Mayat juga disertai dengan bahan makanan dan terdapat ritual yang menampakkan kedudukan istimewa seseorang. Sabah: Mayat dimasukkan ke dalam keranda kayu dan disimpan di dalam gua batu kapur. Penghormatan mayat masih diamalkan mengikut agama masing-masing Monumen dan seni bina Kekal sebagai warisan sejarah Perkembangan pembinaan baharu"
Zaman Prasejarah,3,Membincangkan-Bukti-Tinggalan-Zaman-Prasejarah-di-Malaysia,3.5," Zaman Prasejarah di Malaysia Penemuan tinggalan manusia Zaman Paleolitik 40 000 tahun dahulu. Zaman Mesolitik dikenali sebagai Zaman Hoabinhian (ataupun Zaman Epi-Paleolitik), kerana unsur-unsur Zaman Mesolitik sebagaimana yang ditemukan di Eropah tidak ditemukan di Asia Tenggara. Lokasi Zaman Prasejarah di Malaysia Zaman Tapak 40 000 SM Paleolitik Tingkayu, Sabah Gua Niah, Sarawak Kota Tampan, Perak Lembah Mansuli, Sabah 12 000 SM – 2 800 SM Mesolitik (Hoabinhian) Jenderam Hilir, Selangor Gua Madai, Sabah Gua Cha, Ulu Kelantan Bukit Tegun Lembu, Perlis 2 800 SM – 500 SM Neolitik Gua Kecil, Pahang Sungai Tembeling, Pahang Lubang Angin, Sarawak Gua Tapadong, Sabah Jenderam Hilir, Selangor 500 SM – 500 M Logam Sungai Tembeling, Pahang Lembah Bernam, Selangor Bukti penemuan Zaman Prasejarah: 1. Teknologi Zaman Paleolitik Zaman Mesolitik Zaman Neolitik Zaman Logam Bengkel membuat peralatan batu di Kota Tampan, Perak dan Tingkayu, Sabah. Peralatan batu yang dilicinkan di Gua Senyum, Pahang. Peralatan batu di Hulu Perak. Peralatan logam yang ditemukan di Klang, Selangor. 2. Tembikar dan manik Penemuan pelbagai jenis tembikar di Gua Niah, Sarawak. Pelbagai jenis manik ditemukan di Kuala Selinsing, Perak dan di Lembah Bernam, Selangor. 3. Lukisan gua dan ukiran batu Menggambarkan kehidupan harian manusia. Penemuan lukisan gua di Gua Niah, Sarawak. Penemuan ukiran “Batu Patung” di Kelabit Highlands, Sarawak. Penemuan ukiran pada batu megalit di Pengkalan Kempas, Negeri Sembilan. 4. Ekonomi Bukti-bukti tinggalan menunjukkan 3 bentuk aktiviti: Aktiviti memburu dan mengutip hasil hutan Aktiviti penanaman padi Lokasi: di Hulu Tembeling, Pahang di Jenderam Hilir, Selangor di Lembah Nenggiri, Ulu Kelantan Penemuan pisau tembeling yang digunakan untuk menuai padi. Kegiatan perdagangan Sistem pertukaran barang Contoh barangan: Loceng Gendang gangsa 5. Kepercayaan Dibuktikan melalui penemuan ideofak. Bukti masyarakat mengamalkan kepercayaan dan memberikan penghormatan kepada orang mati. Contoh pengebumian: Pengebumian Memanjang (Gua Cha, Kelantan) Pengebumian Melentur (Gua Gunung Runtuh, Perak) Pengebumian Keranda Kayu (Pantai Timur, Sabah) Kubur Kepingan Batu (Lembah Bernam, Selangor) Pengebumian Perahu (Kuala Selinsing, Perak) Pengebumian Tempayan (Sabah, Sarawak dan Kampung Limbongan, Terengganu) Budaya megalit wujud dalam kepercayaan masyarakat Zaman Prasejarah"
Mengenali Tamadun,4,"Menyatakan-maksud-tamadun-mengikut-bahasa-Yunani,-bahasa-Inggeris-dan-bahasa-Arab",4.1," Maksud Tamadun Tamadun Suatu pencapaian tertinggi oleh sesuatu masyarakat dalam pelbagai bidang. Contoh bidang: kegiatan pertanian dan perdagangan sistem pemerintahan pembentukan bandar pengkhususan pekerjaan teknologi organisasi sosial agama dan kepercayaan tulisan dan penyimpanan rekod kesenian dan kesusasteraan Maksud tamadun dari pelbagai aspek bahasa Bahasa Yunani civitas : bandar/kota. Tahap kemajuan dalam kehidupan masyarakat dicapai dalam bidang kebudayaan, sains, industri dan sistem kerajaan. Bahasa Inggeris Civilisation : Tahap pembangunan manusia dan organisasi yang dianggap paling maju. Merangkumi pengetahuan, kepercayaan, seni, moral, undang-undang, adat dan kebolehan manusia atau organisasi. Bahasa Arab Mudun, madain dan madana : Tinggi budi bahasa dan pembukaan bandar. Hadharah : Kawasan, daerah, bandar, kota, kampung dan kawasan yang digunakan untuk bercucuk tanam. Hadari : Tanah atau rumah yang didiami oleh masyarakat, tahap kemajuan dan memperoleh kekayaan. Bahasa Melayu Suatu peradaban yang merujuk kepada pencapaian kemajuan masyarakat dari segi kebendaan serta perkembangan pemikiran meliputi bidang sosial, budaya, politik dan lain-lain yang tinggi."
Mengenali Tamadun,4,Menerangkan-konsep-tamadun-mengikut-Barat-dan-Islam,4.2," Konsep Tamadun Sudut Pandangan Islam: Dibina atas kerangka al-Din (cara hidup). Merangkumi pembangunan lahiriah dan rohaniah yang berasaskan nilai dalam pendidikan seperti yang disarankan oleh al-Quran dan hadis serta ajaran Nabi Muhammad SAW. Ibn Khaldun memperkenalkan konsep “umran” dan “hadharah” dalam karyanya Muqqadimah. Istilah “hadharah” dan “madaniyyah” bermaksud perbandaran dan tamadun. Hadharah - Prinsip-prinsip nilai meliputi aspek akidah, syarak, akhlak, falsafah, kebudayaan dan peradaban. Madaniyyah - menjurus kepada aspek kebendaan dalam kehidupan dan lebih bersifat umum kepada semua manusia. Syed Muhammad Naquib Al-Attas tamadun ialah keadaan kehidupan insan bermasyarakat yang telah mencapai taraf kehalusan tatasusila dan kebudayaan yang luhur bagi seluruh masyarakatnya. Karyanya termasuk: Islam dalam Sejarah dan Kebudayaan Melayu Historical Fact and Fiction Sudut Pandangan Barat: Istilah “civilisation” digunakan untuk menggambarkan tahap sesuatu masyarakat atau budaya yang kompleks. Masyarakat bertamadun diukur melalui: Pencapaian ilmu dan teknologi Ekonomi Struktur politik Kemasyarakatan Petempatan di kawasan perbandaran Tamadun dikaitkan dengan pembangunan lahiriah dalam bidang kebudayaan seperti: Kesenian Penulisan Undang-undang Perbandaran Arnold J. Toynbee Menjelaskan tamadun sebagai suatu sistem masyarakat yang memperkasakan sistem politik, ekonomi, sosial serta kesenian dan kebudayaan."
Mengenali Tamadun,4,Menjelaskan-ciri-ciri-tamadun-awal-dunia,4.3," Ciri-ciri Tamadun Awal Dunia 1. Pertanian dan perdagangan Pertanian: Penciptaan pelbagai peralatan Pembinaan saliran Penciptaan kincir angin Pembinaan teres di tanah tinggi Perdagangan: Tempatan Jarak jauh 2. Sistem pemerintahan Pemerintahan negara-kota diketuai oleh pendeta/raja Raja dibantu oleh pegawai daripada golongan bangsawan Undang-undang telah dibentuk 3. Pembentukan bandar Ciri-ciri bandar: Pelan susun atur bangunan dan petempatan yang tersusun Kemudahan prasarana yang teratur dan sistematik Pembinaan sistem perparitan dan pembetungan Pembinaan kota untuk sempadan perlindungan daripada serangan musuh 4. Pengkhususan pekerjaan Terdapat pekerjaan seperti: pengutip cukai jurutera tentera petani kumpulan artisan saudagar pedagang 5. Teknologi Penghasilan penciptaan barangan dan monumen serta hasil pertukangan, misalnya: Taman Tergantung Babylon Pembinaan piramid dan sfinks Pembinaan negara-kota mohenjo-daro Peralatan seperti bajak untuk pertanian Penciptaan roda 6. Organisasi sosial Kemunculan institusi dan golongan pekerja telah mewujudkan kelas sosial. Kelas sosial berasaskan jenis pekerjaan, kekayaan dan pengaruh. 7. Agama dan kepercayaan Masyarakat tamadun awal mempercayai banyak tuhan Terdapat institusi agama yang mengurus upacara keagamaan 8. Tulisan dan penyimpanan rekod Membolehkan manusia menyimpan rekod dan perkara penting tentang masyarakat dan diri mereka. Tulisan pertama menggunakan sistem piktograf atau simbol gambar. 9. Kesenian dan kesusasteraan Gaya dan teknik yang digunakan oleh artis menggambarkan setiap budaya tamadun masing-masing."
Tamadun Awal Dunia,5,Membincangkan-empat-lokasi-pembentukan-tamadun-awal-dunia,5.1," Empat Lokasi Tamadun Awal Dunia Tamadun awal bermula dan berkembang di kawasan lembah sungai. Tamadun Mesopotamia Mesopotamia Tanah di antara dua sungai. Sungai Tigris dan Sungai Euphrates. 5 000 SM – 700 SM – perkembangan bermula 3 500 SM – menjadi pusat tamadun awal Kerajaan utama: Sumeria (kerajaan pertama pada 3 500 SM) Babylon Akkad Asyria Chaldea (kerajaan terakhir pada 539 SM) Perkembangan Kerajaan Sumer: Membina petempatan Menjalankan aktiviti pertanian Membina sistem pengairan Membina sistem perbandaran Ciri-ciri utama Kerajaan Sumer: Bandar maju Pengkhususan pekerjaan Institusi yang kompleks Pengurusan simpan kira Peningkatan teknologi Perbandaran Struktur bandar dibina daripada bata tanah liat Tempat ibadat berbentuk zigurat Dinding besar mengelilingi bandar Petempatan awal bermula dari perkampungan ke bandar, seterusnya kepada beberapa negara-kota Contoh negara-kota: Negara-Kota Ur Terdapat pusat perdagangan dan pelabuhan di Negara-Kota Ur Kawasan Mesopotamia pada masa kini: Iraq Syris Turki Iran Kawasan sempadan Turki-Syria Kawasan sempadan Iran-Iraq Tamadun Mesir Purba Terletak di kawasan lembah Sungai Nil Kepentingan Sungai Nil: membanjiri kawasan sekitarnya dan membawa lumpur berwarna hitam yang subur untuk pertanian membekalkan sumber makanan seperti ikan sumber perhubungan dan pengangkutan Terdapat tiga tahap pemerintahan kerajaan: Kerajaan Purba Perkampungan petani pada 5 000 SM Terbentuk 2 kerajaan, kerajaan utara di hilir Sungai Nil dan kerajaan selatan di hulu Sungai Nil. Raja Mennes menyatukan kedua-dua kerajaan pada 3 100 SM. Raja Mennes menjadikan bandar Memphis ibu kota kerajaan. Perkembangan kerajaan mencapai kemuncak pada 2 650 SM. Kerajaan Pertengahan Bermula tahun 2 100 – 1 650 SM. Perkembangan bidang kesusasteraan dan ukiran. Thebes ibu kota kerajaan. Kegiatan perdagangan berlangsung menggunakan jalan sungai. Raja Mesir menghantar tentera untuk melindungi pedagang daripada serangan penjahat di jalan perdagangan Mesir. Pembinaan kubu di sepanjang Sungai Nil oleh penduduk. Penduduk mengambil alih kuasa kota Nubia. Kerajaan Baru Golongan bangsawan memerintah Mesir. Pemerintah digelar Firaun. Firaun membentuk pasukan tentera untuk mematahkan serangan orang luar. Raja yang terkenal ialah Ramses. Ramses membina banyak monumen terkenal berupa berhala. Zaman kejatuhan bermula semasa pemerintahan Ramses II pada 1 279 – 1 213 SM. Tamadun Indus Terletak di Lembah Sungai Indus, iaitu di bahagian barat laut dan utara India. Dikelilingi oleh Banjaran Makran, pergunungan Baluchistan, Punjab dan Rajasthan di bahagian timur, serta Kathiawar dan Gujerat di bahagian tenggara. Tamadun bermula pada 2 500 SM Melalui 2 musim yang ekstrem menyebabkan tanaman musnah: Musim hujan membawa banjir Musim kering membawa kemarau Kegiatan utama termasuk: Pertanian Gandum Barli Kapas Pembuatan barangan daripada kapas dan besi Perdagangan Perkembangan bandar terancang di Lembah Indus Bandar terancang yang dibina: Mohenjo-Daro Harappa Mencipta sistem paip dan pembentungan Kejatuhan Tamadun Indus Peristiwa gempa bumi dan banjir Serangan orang Aryan Tamadun Huang He Huang He Sungai Kuning yang menyimpan banyak lumpur kekuningan yang subur. Terletak di antara Sungai Huang He (atau Sungai Kuning) yang terletak di kawasan utara negara China dan Sungai Yangtze di bahagian tengah China mengalir ke timur hingga ke Laut Kuning. Kegiatan awal: Pertanian Penternakan binatang Mengumpul hasil hutan Berburu Terdapat 3 kerajaan awal: Xia (2 205 – 1 766 SM) Shang (1 766 – 1 050 SM) Zhou (1 050 – 256 SM) Perkembangan: Lahir bandar seperti Anyang (pusat kerajaan Dinasti Shang) Aktiviti utama tamadun: Pertanian Pembuatan tembikar Pembinaan kapal Penghasilan varnis, sutera, sulaman dan ukiran Penghasilan ciptaan peralatan pertanian kayu dan logam"
Tamadun Awal Dunia,5,Membandingkan-sumbangan-tamadun-awal-dunia,5.2," Perbandingan Sumbangan Tamadun Awal Perbandingan sumbangan tamadun awal yang penting Aspek Tamadun Tamadun Mesopotamia Tamadun Mesir Purba Tamadun Indus Tamadun Huang He Pemerintahan dan Pentadbiran Negara-kota diperintah oleh raja. Negara-kota bersatu membentuk empayar pertama. Lahirnya undang-undang Kod Hammurabi. Firaun memerintah negara seperti kuasa tuhan. Raja berkuasa mutlak. Raja mempunyai pandangan kehidupan selepas mati. Menghormati mayat untuk dikebumikan. Pemerintahan dipegang oleh golongan pendeta. Golongan pendeta mempunyai pengaruh dalam bidang keagamaan dan pentadbiran. Sistem politik berasaskan negara kota. Masyarakat dan keluarga merupakan unsur penting. Pembahagian kelas sosial. Kuasa raja datang dari syurga. Raja berkuasa dalam bidang ekonomi, politik dan agama. Kegiatan Ekonomi Ekonomi ditadbir secara berpusat oleh golongan agama dan raja. Kerajaan menentukan jumlah tanaman dan bilangan petani. Wujud pekerjaan seperti pegawai, petani, jurukira dan hamba. Pertanian merupakan kegiatan utama. Majoriti penduduk ialah petani. Petani membayar sewa tanah kepada raja. Terdapat kegiatan perdagangan. Sistem ekonomi bersepadu yang berasaskan pertanian. Tanaman utama ialah gandum dan barli. Haiwan ternakan seperti lembu dan kambing. Terdapat kegiatan tenunan kain dan kerja logam. Kegiatan perdagangan berkembang. Penanaman sekoi, padi, gandum dan barli. Haiwan ternakan seperti lembu, kambing, ayam dan babi. Teknologi Adanya sistem tali air. Reka cipta berasaskan gangsa. Ciptaan roda, sauh dan bajak. Sistem nombor berasaskan 60. Kalendar 12 bulan. Mencipta emas. Mencipta kertas daripada papirus. Kemajuan matematik dan geometri. Kemahiran dalam bidang perubatan. Pembinaan terusan dan pengairan. 365 hari dalam kalendar tahunan. Penciptaan kertas. Kota dibina mengikut grid yang tepat. Adanya sistem perparitan dan pembetungan. 365 hari dalam kalendar tahunan. Penciptaan kertas. Hasil cipta sutera. Penciptaan peralatan daripada besi. Penciptaan wang syiling. Peningkatan pengangkutan jalan dan terusan. Penciptaan kompas magnetik. Kesenian dan Kesusasteraan Tulisan dikenali sebagai kuneiform. Penduduk menukilkan puisi. Rekaan patung untuk mengingati pemimpin. Tulisan hieroglif. Lakaran hasil kesenian terdapat di tembok batu sebagai lukisan dinding dan di kawasan perkuburan. Adanya tulisan piktograf. Penghasilan balang yang mempunyai ukiran geometri dan motif alam. Adanya penulisan berasal daripada piktograf. Hasil cipta puisi yang romantik. Lirik diolah dalam pelbagai bentuk tradisi masyarakat. Hasil kesenian dilukis pada tembikar. Binaan Bangunan dan Kemudahan Zigurat yang berfungsi sebagai rumah ibadat. Taman Tergantung Babylon. Piramid Sfinks Tempat ibadat Kolam mandi besar. Kota dibina mengikut grid yang tepat. Jelapang Sistem paip dan pembetungan Dewan perhimpunan Kekurangan seni bina monumen. Bandar pertama dibina pada zaman Dinasti Shang. Istana dan tempat ibadat dibina di tengah-tengah bandar."
Peningkatan Tamadun Yunani Rom,6,Peningkatan-Tamadun-dan-Sumbangannya,6.3," Tamadun Rom Lokasi: Di Lembah Latium, berhampiran dengan Sungai Tiber. Perkembangan: Lembah Latium merupakan kawasan subur untuk aktiviti pertanian. Sungai Tiber menjadi sumber air utama dan laluan utama untuk pelayaran ke laut. Dibahagi kepada 3 zaman: Zaman Beraja (753 – 509 SM) Zaman Republik (509 – 27 SM) Zaman Empayar (27 SM – 476 M) Mencapai tahap kegemilangan pada era Pax Romana (27 SM – 180 SM). Meliputi 3 benua: Asia, Afrika, Eropah Masyarakat terbahagi kepada 3 kelompok: Patrician (atasan) Plebian (petani, artisan & peniaga) Golongan hamba Bidang-bidang yang mencapai kemajuan: Politik Ekonomi Sains dan teknologi Falsafah Pendidikan"
Peningkatan Tamadun Yunani Rom,6,Peningkatan-Tamadun-dan-Sumbangannya,6.1," Tamadun Yunani Berkembang pada 1 000 SM hingga 800 SM Lokasi: di Semenanjung Greece dan pulau-pulau yang bertaburan di Laut Aegean serta Laut Mediterranean. Cuaca sederhana Kedudukan berhampiran laut Perkembangan bandar: Polis (atau negara-kota) 3 komponen: Bandar utama Bandar kecil Kawasan kampung Ciri-ciri utama: Jumlah penduduk yang ramai Keluasan wilayah Fungsi: Ibu kota Pusat tumpuan masyarakat. Negara-kota terkenal: Athens (paling ramai penduduk) Sparta (negara-kota paling luas) Corinth Acropolis lokasi yang paling strategik dari segi keselamatan, pentadbiran dan komunikasi Fungsi: Rumah ibadat Bangunan kerajaan Istana Rumah golongan bangsawan Rakyat berhampiran lebih aktif dalam urusan negara. Agora Kawasan lapang dalam acropolis Fungsi: Tempat pertemuan Pasar awam Penduduk di kawasan kampung menjalankan aktiviti pertanian dan penternakan. Setiap polis merupakan tanah suci kurniaan Dewa. Setiap warganegara mempunyai hak dan tanggungjawab untuk menjaga serta mempertahankan negara-kota."
Peningkatan Tamadun Yunani Rom,6,Membincangkan-peningkatan-tamadun-Yunani-dalam-aspek-pemerintahan-dan-pentadbiran,6.2," Peningkatan Pemerintahan dan Pentadbiran Tamadun Yunani Terdapat 5 sistem pemerintahan yang diamalkan di polis. Sistem Pemerintahan Tamadun Yunani Sistem pemerintahan Ciri-ciri pemerintahan Monarki Sistem beraja yang berasaskan keturunan. Raja dibantu oleh Konsul yang terdiri daripada golongan bijak pandai. Oligarki Pemerintahan yang dikuasai oleh sebahagian kecil golongan yang berkuasa. Aristokrasi Pemerintahan yang dikuasai oleh golongan bangsawan. Tirani Pemerintahan yang dikuasai oleh golongan yang zalim dan menindas rakyat. Demokrasi Pemerintahan yang dipilih oleh rakyat melalui pengundian. Pemerintahan dan Pentadbiran di Athens Perkembangan Sistem Demokrasi di Athens Sebelum 594 SM Athens melalui sistem pemerintahan bercorak monarki, oligarki, aristokrasi dan tirani. 594 SM Solon mengasaskan pemerintahan sistem demokrasi. Athens mengamalkan demokrasi langsung. Warganegara Athens terlibat secara langsung dalam perbincangan dalam menentukan dasar dan peraturan berkaitan dengan Athens. 495 – 429 SM Zaman Pericles Rakyat diberi kuasa bagi memantapkan sistem demokrasi. 338 SM Zaman Raja Philip Sistem menjadi lemah dan terhapus. Rajah di atas menunjukkan badan pemerintahan dan pentadbiran di Athens. Keanggotaan dan Fungsi Badan Pemerintahan dan Pentadbiran di Athens Badan pentadbiran Keanggotaan Fungsi Dewan Perhimpunan Anggota terdiri daripada semua warganegara lelaki Athens. Setiap warganegara berpeluang memegang jawatan selama 6 bulan hingga setahun. Bersidang sekurang-kurangnya 3 kali sebulan. Semua warganegara dibenarkan menghadiri perhimpunan. Badan pentadbiran yang paling tinggi. Melantik ahli majlis. Menggubal undang-undang. Membuat deklarasi peperangan. Menjalin perjanjian dengan negara lain. Membincangkan hal kewangan dan percukaian. Menerima duta dari negara asing bagi mengukuhkan hubungan antara kedua-dua pihak. Majlis Dilantik oleh Dewan Perhimpunan. Terdiri daripada 500 orang Keahlian selama dua tahun 500 orang ini dipecahkan kepada 10 jawatankuasa (Prytany) yang setiap satu dianggotai oleh 50 orang. Pemilihan pengerusi dilakukan pada setiap kali persidangan diadakan. Dikenali juga sebagai Majlis 500. Mengendalikan urusan dan perbincangan hal-hal penting yang berkaitan pemerintahan dan pentadbiran. Melaksanakan keputusan Dewan Perhimpunan. Kuasa Majlis tidak mengatasi kuasa Dewan Perhimpunan. Bertanggungjawab mengendalikan jabatan-jabatan kerajaan. Majistret Warganegara Athens. Dianggotai 6 000 orang ahli. Sebanyak 200 - 500 orang merupakan hakim. Sebanyak 10 orang jeneral tentera menganggotai badan ini. Melaksanakan segala dasar yang telah ditetapkan. Merupakan kakitangan kerajaan. Melaksanakan dasar-dasar yang telah diputuskan oleh Majlis. Mengurus hal ehwal pendidikan, percukaian, dan sebagainya. Juri Dianggotai oleh 101 hingga 1001 orang berdasarkan keseriusan kes yang sedang dibicarakan. Perbicaraan diketuai oleh pengerusi. Bertanggungjawab dalam hal yang berkaitan dengan keadilan. Juri menjadi pemutus kepada sesuatu kes. Pesalah akan merayu terus kepada warganegara. Kuasa pengadilan terletak dalam tangan warganegara. Pemerintahan dan Pentadbiran di Sparta Sistem pemerintahan dan pentadbiran bersifat monarki terhad. 2 orang raja memerintah Sparta bersama-sama bagi mengelakkan seorang daripada raja bertindak kejam. Kedua-dua raja berasal daripada keluarga Eurypontids dan Agiads. Raja dibantu oleh Dewan Perhimpunan dan Majlis. Keanggotaan Badan Pemerintahan dan Pentadbiran di Sparta Badan Keanggotaan Dewan Perhimpunan 10 000 orang ahli. 5 orang ephors. Euphors memastikan raja tidak memerintah secara mutlak. Majlis 28 orang dewasa yang berusia melebihi 60 tahun. Keahlian seumur hidup. Penekanan dalam pemerintahan dan pentadbiran Sparta: Penekanan kepada disiplin ketenteraan. Kaum wanita tidak terlibat dalam urusan pemerintahan dan pentadbiran. Kanak-kanak berusia 7 tahun dan kaum wanita dilatih menjadi anggota tentera. Kaum wanita menjalani latihan: Fizikal Berlari Bertinju Menari dan menyanyi di khalayak ramai Kaum wanita juga bertanggungjawab dalam mempertahankan negara. Kesan penekanan Sparta terhadap aspek disiplin ketenteraan: Masyarakat sanggup berkorban demi mempertahankan negara-kota. Bukti: Pada tahun 480 SM, Sparta berjaya mengalahkan Persia dalam pertempuran di Salamis."
Peningkatan Tamadun Yunani Rom,6,Membincangkan-peningkatan-tamadun-Rom-dari-aspek-seni-bina,6.4," Peningkatan Seni Bina dalam Tamadun Rom Binaan mempunyai kegunaan yang khusus. Mempunyai ketahanan tinggi. Faktor mendorong kepada kemajuan seni bina Rom: Kepakaran Pendidikan Dasar pemerintahan Kewangan Teknologi Sumber alam Tenaga buruh Tokoh-tokoh berjasa: Arkitek Marco Vitruvius Pentadbir Marcus Visanius Agrippa Ciri-ciri Pembinaan Bangunan dalam Tamadun Rom Colosseum Tempat persembahan Tempat pertandingan seperti acara gladiator Struktur: Tinggi 50 m Lebar 156 m Luas bangunan 2.5 hektar Kawasan arena 85 m x 54 m Muatan 50 000 orang 80 pintu masuk Tempat duduk penonton dibina bertingkat-tingkat 2. Pantheon Binaan berkubah terbesar di dunia Fungsi sebagai tempat penyembahan dewa-dewi Seni bina: Mengambil gaya binaan zaman Yunani. Mempunyai tiang yang kukuh. Atap merupakan kubah bersaiz besar dengan diameter 43 m. Dinding dibina daripada batu-bata dan dilepa dengan simen. Puncak Pantheon mempunyai Oculus berukuran 13 m lebar. Cahaya boleh masuk menyinari ruangan bangunan. 3. Amfiteater Colosseum mini atau gelanggang terbuka Fungsi: Persembahan seni Pertunjukan Gladiator Bentuk seni bina: Berbentuk lingkaran. Kira-kira 230 amfiteater dibina di seluruh empayar Rom. Mempunyai pelbagai saiz dan kapasiti penonton yang berbeza. Amfiteater terkenal berada di: El Djem, Tunisia Arles, Perancis Membuktikan masyarakat pada zaman tersebut menggemari aktiviti luar rumah. 4. Akueduk Sistem perancangan dan pengawalan air yang sistematik. Fungsi: Membekalkan air ke rumah kediaman di sekitar bandar dalam empayar Rom. Menyalurkan air ke tempat mandi awam dan binaan-binaan utama seperti Colosseum. Contoh: Aqua Appia Aqua Virgo Pont du Gard di Perancis 5. Jalan Raya Rom Tujuan: Menghubungkan bandar-bandar utama Memudahkan pergerakan tentera Sebagai sistem pengangkutan Struktur jalan raya: Dibina secara berlapis-lapis menggunakan: Batu besar Batu kecil Batu kerikil Luas jalan raya: 1.3 m tebal dan 6.7 m lebar. Batu tanda menunjukkan jarak satu kawasan dengan kawasan lain. Tepi jalan raya dibina longkang Agar air tidak bertakung di atas jalan raya 6. Tembok Pertahanan Tujuan: Melindungi Tamadun Rom daripada serangan musuh. Pemisah antara kawasan wilayah Rom dan kawasan bukan wilayah Rom. Seni bina: Batu disusun memanjang sehingga mencapai 5 m. Terdapat beberapa milecastle dalam jarak 1.6 km setiap satu. Milecastle menempatkan pengawal tentera di tembok tersebut. Tembok Hadrian di Britain mempunyai panjang 117 km dan tinggi 5 m. 7. Tempat Mandi Awam Orang Rom percaya mandi penting untuk kebersihan dan kesihatan serta melambangkan kehidupan bertamadun. Tempat mandi awam dibina untuk kegunaan setiap orang. Kelengkapan tempat mandi awam: Tandas Ruang mandi Mandi air panas Mandi air sejuk Mandi air suam Mandi berwap Ruang untuk mengurut Perpustakaan Bilik berehat dan bersenam Tempat mandi Caracalla, Rom: Didirikan oleh Maharaja Caracalla. Boleh memuatkan 1 500 orang pada satu masa."
Peningkatan Tamadun India dan China,7,Membincangkan-peningkatan-tamadun-India-dari-aspek-perluasan-kuasa,7.1," Tamadun India Pusat tamadun beralih dari Lembah Indus ke Lembah Ganges. Kemunculan janapada (kerajaan-kerajaan kecil). Beberapa janapada membentuk kerajaan yang lebih bear yang dikenali sebagai mahajanapada. Magadha di timur laut India menjadi kuasa penting yang menguasai kerajaan lain di India antara tahun 540 – 490 SM. Kedudukan Magadha yang strategik membolehkannya mengawal laluan perdagangan utama di Sungai Ganges. Perluasan kuasa Magadha menjadi asas kepada kewujudan beberapa kerajaan lain: Dinasti Nanda Dinasti Maurya Dinasti Gupta Perluasan Kuasa dalam Tamadun India Wujud persaingan antara kerajaan untuk meperluaskan kuasa masing-masing. Perluasan kuasa Usaha yang dilakukan oleh sesebuah kerajaan atau raja bagi menguasai dan memperluas pengaruh di sesebuah kawasan atau usaha untuk mengatasi pihak lain. Faktor Perluasan Kuasa Kekuatan ketenteraan Dasar pemerintahan Sumber manusia Diplomasi keagamaan Kewangan Bentuk Perluasan Kuasa 1. Fizikal Perluasan fizikal Perluasan kuasa yang dilakukan oleh sesebuah kerajaan dengan menguasai wilayah-wilayah lain. Sebuah kerajaan membentuk sebuah empayar dengan menguasai kerajaan-kerajaan lain. Sesebuah kerajaan mengakui taklukan dan akan mematuhi peraturan yang ditetapkan oleh kerajaan yang menang dan lebih berkuasa. Perluasan fizikal Tamadun India Dinasti Nanda (345 SM – 321 SM) Pasukan tentera: 20 000 kavalri 200 000 infantri 3 000 tentera bergajah Kawasan empayar: Dari wilayah Bengal di sebelah timur India hingga ke Punjab di sebelah barat serta wilayah Deccan. Pusat pemerintahan: Pataliputra (Patna hari ini) Dinasti Maurya (322 SM – 185 SM) Pemerintah: Chandragupta Maurya dan Asoka Pasukan tentera: 30 000 kavalri 600 000 infantri 9 000 tentera bergajah Kawasan empayar: Wilayah Bengal di sebelah timur hingga Hindu Kush di sebelah barat. Pusat pemerintahan: Pataliputra (Patna hari ini) Semasa pemerintahan Asoka, beliau menguasai Kalinga. 150 000 orang kehilangan harta benda 100 000 orang terbunuh Memberi kesedaran kepada Asoka untuk memerintah secara lebih toleran dan bertanggungjawab. Dinasti Gupta (320 SM – 550 M) Pemerintah: Chandragupta I (320 M – 335 M) Kawasan empayar: Dari Punjab hingga Bengal. Pusat pemerintahan: Pataliputra (Patna hari ini) 2. Keagamaan Semasa pemerintahan Asoka: Tumpuan kepada pengembangan agama Buddha selepas Perang Kalinga. Tiang Asoka dibina untuk mengukirkan peraturan dan undang-undang negara. Tiang Asoka diletakkan di kawasan strateegik untuk tatapan orang ramai. Misi pengembangan agama Buddha telah giat dilakukan ke Tibet, Nepal, Alexandria, Antioch, Bactria dan Burma. Misi penyebaran agama Buddha ke Sri Lanka diketuai oleh Mahendra, sementara ke Asia Tenggara oleh Sona dan Uttara. Semasa pemerintahan Gupta: Penekanan kepada agama Hindu. Gupta menekankan hal-hal seperti: Kebudayaan Kesusasteraan Seni bina Perdagangan Pemerintahan berasaskan agama Hindu Raja Samudragupta minat puisi-puisi berbentuk keagamaan sehingga dikenali sebagai Kaviraja (raja penyair). Zaman Gupta dikenali sebagai zaman keemasan dalam agama Hindu. Aspek-aspek lain yang membawa kepada pemasyhuran Tamadun India: Buku Arthasastra oleh Kautilya Lukisan gua di Ajanta dan Ellora Kepesatan perdagangan melalui laluan daratan dan laluan maritim Penggunaan wang syiling emas"
Peningkatan Tamadun India dan China,7,Membincangkan-peningkatan-tamadun-China-dari-aspek-pendidikan,7.2," Tamadun China Lokasi: Di sekitar Lembah Sungai Huang He. Perkembangan Tamadun China Dinasti Qin (221 SM – 206 SM) Pemerintah: Raja Zheng (Maharaja Shi Huangdi) Wilayah: Bahangian utara hingga ke Gurun Gobi dan selatan China bersempadan Vietnam. Menyatukan China dengan mengekalkan kestabilan politik. Peningkatan dalam bidang ekonomi dan sosial. Dinasti Han (206 SM – 220 M) Pemerintah: Liu Bang (Maharaja Gaozu) Wilayah: meliputi utara China, sempadan Vietnam di selatan dan bahagian utara Korea di sebelah timur serta Turkestan di bahagian barat. Terdapat 2 tahap: Han Awal (awal 206 SM – 8 M) Han Akhir (25 M – 220 M) Pusat pemerintahan Han Awal di Chang’an Pusat pemerintaha Han Akhir di Loyang Pembukaan laluan Sutera membawa kepada peningkatan perdagangan. Peningkatan bidang pentadbiran dan bidang sosial ketika zaman pemerintahan Maharaja Han Wu Di. Melaksanakan sistem pemilihan pegawai perkhidmatan awam sebagai sebahagian daripada perkembangan dalam sistem pendidikan. Perkembangan Pendidikan Pendidikan bermula sejak zaman Dinasti Shang dan berkembang ketika zaman Dinasti Zhou. Wujud ramai falsafah seperti Konfusius. Konfusius (551 SM - 479 SM) telah menghasilkan karya terkenalnya Lun Yu (Analects). Ajaran Konfusianisme kekal sehingga kini. Perkembangan pendidikan dalam Tamadun China Dinasti Qin Pendidikan menekankan aspek pemahaman perundangan oleh Han Fei Zi. Maharaja Shi Huangdi menyeragamkan sistem tulisan. Dinasti Han Penubuhan sekolah tinggi di Chang’an. Penekanan kepada pembelajaran ajaran Konfusianisme. Penubuhan sekolah pada peringkat daerah dan wilayah. Teknologi pembuatan kertas daripada campuran kulit pokok, serpihan rami kain, dan jaring oleh Cai Lun membawa kepada peningkatan pendidikan di sekolah. Matlamat Sistem Pendidikan Lulus peperiksaan perkhidmatan awam. Mengekalkan ajaran Konfusianisme. Membezakan golongan elit dengan golongan rakyat. Memilih pegawai kerajaan. Memupuk nilai moral dan etika. Tahap Sistem Pendidikan Kemahiran kendiri berdasarkan kemampuan: Menghafal Memahami Menulis Menterjemah Peringkat pendidikan Pendidikan Rendah Menghafal tulisan serta buku suci tanpa perlu memahami maknanya. Pendidikan Menengah Menulis karangan dan sajak. Pendidikan Tinggi Menterjemahkan dan mengintepretasikan buku suci Pelajaran berkaitan etika upacara, adat istiadat dan tanggungjawab rakyat kepada raja dan negara. Peperiksaan Diperkenalkan oleh Maharaja Wu dalam Dinasti Han pada 29 SM. Dimansuhkan oleh Maharani Dowager Cixi pada tahun 1905. Ciri-ciri sistem peperiksaan perkhidmatan awam: Peperiksaan yang sangat kompetitif. Hanya lelaki dibenarkan menduduki peperiksaan tanpa mengira latar belakang dan status sosial. Mengekalkan tradisi dan budaya China terutamanya ajaran Konfusianisme. Larangan terhadap sebarang bentuk perubahan bagi mengekalkan keaslian tradisi China. Dikawal dengan ketat. Mereka yang didapati meniru akan dikenakan hukuman. Calon dikurung sebelum peperiksaan berlangsung untuk mengelakkan penipuan. Peperiksaan berkisar pada kandungan Sembilan Buku Suci. The Analects of Confucius The Meneius The Great Learning The Doctrine of the Mean The Book of Songs The Book of History The Book of Rites The Book of Changes The Spring and Autumn Annals Tahap Peperiksaan Perkhidmatan Awam 3 tahap peperiksaan perkhidmatan awam Tahap pertama (Xiucai) Dijalankan pada peringkat daerah Terbuka kepada semua orang Diadakan 2 kali setiap 3 tahun Tempoh peperiksaan ialah sehari Bilangan calon antara 500 – 2 000 orang Kadar kelulusan, 1: 35 Memperoleh butang keemasan yang dilekatkan pada topi Tahap kedua (Juren) Dijalankan di ibu kota daerah Hanya terbuka kepada calon yang telah lulus tahap pertama Diadakan 3 tahun sekali Tempoh peperiksaan 3 hari Bilangan calon antara 4 800 – 10 000 orang Kadar kelulusan, 1: 120 Memperoleh butang keemasan Mendapat jawatan dalam kerajaan Mempunyai tanda nama yang diletakkan di pintu masuk rumah Mempunyai kakitangan pengiring Tahap ketiga (Jinshi) Dijalankan di ibu kota kerajaan Diadakan 3 tahun sekali Tempoh peperiksaan selama 13 hari Mendapat kedudukan dan pangkat tinggi dalam kerajaan Memperoleh pelbagai keistimewaan yang lain untuk diri, keluarga dan kampungnya"
Tamadun Islam dan Sumbangan,8,Tamadun-Islam-dan-Sumbangannya,8.1," Latar Belakang Masyarakat Arab Sebelum Kedatangan Islam Masyarakat Arab tinggal di kawasan Semenanjung Tanah Arab yang dikelilingi oleh: Padang pasir Syam (utara) Laut Arab (selatan) Teluk Parsi (timur) Laut Merah (barat) Beberapa wilayah: Najd Yaman Hadramaut Oman Hijaz (terdapat 3 ibu kota) Makkah Madinah Taif Kemerosotan ekonomi berlaku selepas keruntuhan Empangan Maarib (300 M). Masyarakat Arab mengalami Zaman Jahiliah. Mereka tidak mempunyai nabi dan kitab suci sebagai petunjuk. Menolak undang-undang Allah SWT dan nilai-nilai Islam sebagai panduan hidup. Jahiliah Berasal daripada perkataan Arab, jahala Bermaksud jahil Sistem Masyarakat Jahiliah 1. Politik Terdapat kelompok kumpulan kabilah: Kaum Hadhari Tinggal di kota Menjalankan perniagaan Menternak binatang Kaum Badwi Hidup secara nomad Menternak binatang Mengamalkan sistem kabilah: Diketuai syeikh. Syeikh yang dilantik mesti disukai ahli kabilah, matang, berani, sanggup mempertahankan puaknya dan pandai berpidato. Penyatuan masyarakt berkabilah adalah berdasarkan semangat assabiyah. Sering berperang untuk merebut kuasa, pengaruh dan harta. Pentadbiran di Makkah diuruskan oleh badan atau jabatan yang mentadbir beberapa bidang dengan tugas tertentu seperti Darun-Nadwah. 2. Ekonomi Pertanian Aktiviti pertanian mengikut kawasan Kawasan Tanaman Yaman Gandum Kopi Oman Sekoi Padi Hadramaut Mahra Kemenyan Aktiviti ekonomi mengikut kaum Kaum Aktiviti ekonomi Badwi Menternak secara nomad: Unta Kambing Biri-biri Sistem tukar barang Hadhari Berdagang secara kafilah Yaman Memasarkan hasil dagangan ke Syam dan Mesir Hijaz Menjadikan Makkah sebagai pusat dagangan baharu Membeli barang dari Yaman dan Habsyah dan menjual di Syam dan Mesir. Perdagangan: Wujud Laluan Sutera yang menghubungkan pedagang Arab dengan China, India dan Asia. Perniagaan masyarakat Arab Jahiliah hanya mementingkan keuntungan, mengamalkan riba dan menipu timbangan. 3. Sosial Agama dan kepercayaan Wathani (menyembah berhala) Majusi (menyembah api) Yahudi (dianuti oleh Bani Israel) Nasrani (dianuti oleh Bani Israel, melalui penduduk Ghassan dan Hirah) Animisme (percaya kepada roh dan kuasa ghaib) Hunafa’ (mengamalkan ajaran oleh Nabi Ibrahim AS) Adat dan kehidupan seharian Menilik nasib untuk meramal masa depan. Mempercayai ahli sihir dan kuasa azimat. Memandang rendah kepada kaum wanita. Penghormatan yang lebih kepada anak lelaki. Sering melakukan maksiat Hamba dipandang hina dan mempunyai status terendah. Terdapat sikap yang baik seperti: memuliakan tetamu menepati janji menghormati tuan rumah menjaga kehormatan diri gigih dan sanggup berkorban untuk tetamu, golongan miskin dan lemah bersyair, bersajak dan berpidato. Karya yang dianggap bermutu akan dibaca dalam temasya-temasya tahunan di Pasar Ukaz dan digantung di Kaabah."
Tamadun Islam dan Sumbangan,8,Menerangkan-kemunculan-tamadun-Islam-dan-perkembangannya-secara-ringkas,8.2," Kemunculan dan Perkembangan Tamadun Islam Selepas kematian ibu bapanya, Nabi Muhammad SAW dipelihara oleh Abdul Muttalib (datuk). Abdul Muttalib meninggal dunia selepas 2 tahun. Baginda dipelihara oleh Abu Talib (bapa saudara). Berniaga sehingga ke Syam dan sekitar kota Makkah. Menjalankan perniagaan milik Siti Khadijah dengan sifat: Amanah Budi pekerti Perkahwinan antara Nabi Muhammad SAW dengan Khadijah diadakan. Nabi Muhammad SAW sebagai Pemimpin Agama Islam Penerimaan wahyu oleh Nabi Muhammad SAW melambangkan permulaan Tamadun Islam Wahyu yang diterima oleh Nabi Muhammad SAW Wahyu pertama Surah al-Alaq (ayat 1 hingga 5) Membaca dan menulis merupakan asas ilmu pengetahuan untuk melahirkan tamadun. Wahyu kedua Surah al-Mudassir (ayat 1 hingga 7) Pengisytiharan Nabi Muhammad SAW sebagai pesuruh Allah SWT untuk menyampaikan ajaran Islam kepada seluruh manusia. Dakwah Nabi Muhammad SAW dilakukan dalam dua peringkat: Secara rahsia Secara terang-terangan Dakwah Nabi Muhammad SAW Secara rahsia Selama 3 tahun Individu yang memeluk Islam: Siti Khadijah Ali bin Abi Talib Zaid bin Haritha Abu Bakar al-Siddiq Dakwah disebarkan melalui: Sahabat Di rumah al-Arqam bin Abi al-Arqam Secara terang-terangan Mengadakan pertemuan di Bukit Safa, namun ditentang hebat oleh Abu Lahab (bapa saudara baginda). Penghijrahan ke Madinah berlaku demi menyebarkan Islam. Nabi Muhammad SAW menjadi pemimpin Madinah. Baginda merangka Piagam Madinah. Mengamalkan 4 sifat terpuji dalam kehidupan: Siddiq (benar) Amanah Tabligh (menyampaikan ajaran Islam) Fatanah (bijaksana) Dakwah Islam telah melalui utusan ke Rom, Parsi, Mesir dan Habsyah. Nabi Muhammad SAW tidak memaksa mereka memeluk Islam. Menggunakan cara diplomasi dalam berdakwah. Para pendakwah yang berdagang turut menyebarkan Islam. Penyebaran Islam pada Zaman Khulafa al-Rasyidin Penyebaran Islam dilakukan oleh Khulafa al-Rasyidin selepas kewafatan Nabi Muhammad SAW. Perkembangan penyebaran Islam meliputi kawasan: Makkah Madinah Utara Semenanjung Tanah Arab Iraq Syam Mesir Penyebaran Islam pada Zaman Khulafa al-Rasyidin 1. Abu Bakar al-Siddiq Mengetuai peperangan al-Riddah yakni memerangi golongan murtad. Mencapai kemenangan dan ramai yang memeluk Islam. 2. Umar bin al-Khattab Membuka wilayah baharu di Iraq, Syam dan Mesir. Wilayah Islam dibahagikan kepada beberapa bahagian bagi melancarkan pentadbiran. 3. Uthman bin Affan Mentadbir wilayah Islam yang merangkui kerajaan Parsi dan beberapa bahagian kerajaan Byzantium. Melantik gabenor untuk mengetuai pentadbiran. 4. Ali bin Abi Talib Agama Islam semakin mantap. Wilayah Islam bertambah luas dan makmur. Penyebaran Islam pada Zaman Kerajaan-kerajaan Islam Penyebaran Islam pada Zaman Kerajaan-kerajaan Islam Kerajaan Bani Umaiyah Kerajaan Bani Abbasiyah Kerajaan Turki Uthmaniyah Pentadbiran berpusat di Damsyik (661 M – 750 M) dan di Cordoba, Sepanyol (756 M – 1 031 M). Islam bertapak di India dan Asia Tengah. Utusan persahabatan sampai ke China. Islam tersebar ke Afrika Utara dan Eropah. Andalusia (Sepanyol) menjadi pintu masuk ke benua Eropah. Pentadbiran berpusat di Baghdad dan bertahan selama 5 abad (750 M – 1 258 M). Perkembangan ilmu pengetahuan sehingga berkembang ke Eropah. Islam berkembang ke Samaniyah di Transoxania hingga ke barat India. Pentabiran berpusat di Anatolia. Perkembangan Islam ke rantau Balkan, Eropah Timur, sempadan Rusia dan sekitar Laut Hitam. Kekal penguasaan di Asia Barat. Pengaruh sampai ke Alam Melayu. Faktor-faktor Penyebaran Islam Kesyumulan Islam – keseimbangan rohani dan jasmani, serta tidak menolak kemajuan dunia. Prinsip keterbukaan Prinsip kesaksamaan Dakwah secara diplomasi dan bijaksana Hubungan diplomatik dengan negara lain Perdagangan – hubungan baik dengan pedagang asing Pembukaan wilayah baharu"
Tamadun Islam dan Sumbangan,8,Menjelaskan-ketokohan-Nabi-Muhammad-SAW-sebagai-pemimpin-yang-unggul,8.3," Ketokohan Nabi Muhammad SAW sebagai Pemimpin Pemimpin negara Tempatan Orang bukan Islam diberikan kebebasan untuk mengamalkan agama dan adat masing-masing. Mempersaudarakan masyarakat Islam Menyatukan masyarakat Islam dengan bukan Islam. Antarabangsa Menghantar perwakilan atau misi dakwahnya ke luar negara seperti ke Habsyah, Mesir, Byzantium dan Parsi. Pemimpin masyarakat Sebelum hijrah Nabi Muhammad SAW menekankan aspek akhlak, akidah dan syariah. Selepas berhijrah ke Madinah Menekankan konsep syura atau perundingan, keadilan, persamaan dan kebebasan melalui Piagam Madinah. Menyatukan kaum Muhajirin dan Ansar. Menjadikan Islam sebagai satu cara hidup dengan nilai-nilai murni. Mengutamakan keadilan dalam kalangan masyarakat. Pembangun ekonomi Perdagangan dan hubungan luar Menggalakkan hubungan perdagangan antara negara Islam Madinah dengan kawasan lain. Kedudukan Madinah yang strategik untuk aktiviti perdagangan. Pertanian Pertanian berasaskan prinsip ekonomi Islam. Pengurusan tanah Menggalakkan pembangunan semula tanah terbiar. Menebus semula tanah yang tergadai kepada kaum Yahudi. Pembangunan pasar Suq al-Ansar Membangunkan ekonomi umat Islam tanpa menyisihkan orang Yahudi. Pemimpin tentera Konsep jihad Menegakkan agama Islam yang suci, mempertahankan bangsa dan tanah air. Setiap umat Islam digesa untuk berusaha bersungguh-sungguh untuk menuntut ilmu, mempertahankan maruah diri dan kesucian agama Islam. Menjaga kesucian agama kesejahteraan manusia sejagat Peperangan tidak diizinkan melainkan demi mempertahankan agama, umat dan negara.Tentera Islam dilarang membunuh sesuka hati dan memusnahkan tumbuhan atau tanam-tanaman. Nabi Muhammad SAW mendengar pandangan orang lain dalam mengatur strategi peperangan. Pembukaan semula kota Makkah Mengatur strategi yang berkesan untuk membuka semula kota Makkah."
Tamadun Islam dan Sumbangan,8,"Menganalisis-sumbangan-tamadun-Islam-dalam-bidang-politik,-ekonomi-dan-sosial",8.4," Sumbangan Tamadun Islam kepada Dunia Politik Kehidupan bernegara Nabi Muhammad SAW menjaga Madinah dan menyelesaikan masalah rakyat melalui perlembagaan Khalifah menegakkan agama dan mentadbir mengikut hukum syariah. Kerjasama antarabangsa dijalinkan bagi tujuan dakwah dan silaturahim. Penerokaan wilayah baharu telah meningkatkan imej Islam. Pemerintahan dan cara hidup berteraskan keadilan Pemerintahan yang adil kepada semua penduduk tanpa mengira agama dan keturunan. Konsep ummah Masyarakat disatukan tanpa mengira agama dan keturunan. Setiap anggota masyarakat bekerjasama bagi memajukan negara. Sistem syura Mesyuarat yang diadakan untuk mencapai keputusan mengikut suara ahli yang terbanyak. Bertujuan untuk mencapai keputusan secara muafakat. Ekonomi Amalan ekonomi Islam sistem zakat dan sistem wakaf sistem mata wang dirham dan perak kutipan sistem cukai melarang amalan riba menegah penindasan dan penipuan semasa berniaga menghasilkan produk yang bermutu melakukan penyelidikan dalam membangunkan ekonomi tidak menyekat umatnya daripada menjalankan perdagangan selagi mengikut hukum syarak menghulurkan bantuan dan bersedekah berjimat cermat Institusi Baitulmal (Institusi Kewangan) Menguruskan kewangan negara Sumber Baitulmal Harta melalui zakat masyarakat zakat fitrah zakat harta ternakan pertanian emas perak barang perdagangan wang simpanan Harta hak milik umat Islam yang tidak jelas sedekah wakaf wasiat Pelaburan dan saham yang dijual kepada umat Islam - Harta negara cukai perdagangan sumber kekayaan alam cukai harta harta tanpa waris Harta daripada peperangan jizyah ghanimah kharaj Harta warisan yang tidak dapat dihabiskan oleh waris atau tidak berwaris - Memesatkan gedung-gedung perniagaan gedung-gedung perniagaan yang beroperasi mengimport barang-barang dari luar negara Menyediakan kemudahan asas pembinaan sistem saliran kemudahan jambatan dan jalan raya Sosial Islam mengangkat kedudukan dan maruah wanita Peluang mendapat pendidikan Tokoh wanita: Siti ‘Aisyah binti Abu Bakar as-Siddiq Shafiah binti Abdul Muthalib Teknik penyelidikan saintifik Industri pengeluaran barangan Kertas Kaedah penyelidikan pertanian Sistem pengairan Pemilihan benih dan baja bermutu Bidang astronomi Bidang fizik Bidang perubatan Bidang kimia Kewujudan pusat kegiatan intelektual Pusat pendidikan Masjid dijadikan institusi pendidikan Damsyik Kufah Basrah) Istana khalifah menjadi tempat belajar dan perpustakaan Pusat intelektual di Cordoba dan Toledo, Sepanyol Pengkaji atau pelajar dari Eropah datang belajar di universiti-universiti Islam dalam bidang sains dan falsafah. Sarjana Islam melakukan penterjemahan tentang falsafah dan sains dari zaman Yunani. Hubungan orang Islam, Yahudi dan Kristian telah mewujudkan budaya ilmu yang baik. Kemunculan Ilmuan Islam Bidang Tokoh Sumbangan Ilmu Sains dan Kimia Jabir bin Hayyan (Geber) Menghasilkan himpunan “korpus Jabir”. 80 buah karya berkaitan perubatan dan kimia. Karyanya diterjemahkan ke dalam bahasa Latin. Perubatan Ibn Sina (Avicenna) Tokoh perubatan Ahli falsafah Buku al-Qanun fi al-Tib Mempengaruhi ahli falsafah Barat, Alexander the Great. Falsafah Al-Kindi Lebih daripada 270 buah karya dalam pelbagai bidang. Mempengaruhi tokoh ilmuan Eropah seperti Roger Bacon dan Descartes. Astronomi dan falak Al-Battani (Albategnius) Memperkenalkan asas ilmu trigonometri. Menulis buku astronomi. Mencipta alat ukuran masa. Geografi Al-Biruni Kajian utama dalam kartografi (peta) dan geografi. Ramai orang Eropah menggunakan peta beliau. Menghasilkan rajah gerhana bulan. Matematik Al-Khawarizmi Pengasas ilmu algebra. Pengasas kitab Hisab al-Jabr wa al Muqabalah. Kitab tersebut diterjemahkan ke dalam pelbagai bahasa. Terjemahan ke dalam bahasa Latin dilakukan oleh Gerald of Cremona dan dijadikan teks asas di universiti-universiti Barat. Pelayaran Ibn Battuta Berlayar ke India dan Alam Melayu. Buku pelayaran beliau digunakan oleh pelayar lain."
Tamadun Islam dan Sumbangan,8,Menganalisis-sumbangan-tamadun-Islam-dalam-bidang-seni-bina,8.5," Sumbangan Tamadun Islam dalam Bidang Seni Bina Seni bina Bidang seni untuk mendirikan bangunan, reka bentuk dan reka letak yang dibina oleh manusia. Ciri-ciri seni bina Islam: Mempunyai ruang cahaya untuk keselesaan beribadat. Terdapat ruang memisahkan lelaki dan wanita. Reka bentuk ruang sesuai dengan iklim setempat. Binaan yang kukuh, selamat dan tahan lama. Berunsurkan luahan perasaan, hening dan aman. Sumbangan seni bina Islam: Pembinaan menara, mihrab dan mimbar Menara – bentuk tirus dan memuncak tinggi agar laungan azan didengari dari jarak jauh. Mihrab – sebagai penanda arah kiblat. Mimbar – digunakan oleh imam untuk membaca khutbah/syarahan. Menggalakkan perhiasan yang indah Elemen: Bentuk bangunan, kubah, arca, seni khat dan ukiran. Fungsi: mewujudkan rasa tenang dan memperlihatkan keunikan seni bina Islam. Menghasilkan keunikan reka bentuk Pintu berbentuk melengkung – perasaan hormat dan tunduk menjemput masuk Aspek penggunaan air dan cahaya Mempunyai elemen estetika Terdapat ukiran arabes, motif kaligrafi, geometri dan cakerawala – memberi keselesaan dan ketenangan. Menyesuaikan reka bentuk dengan iklim setempat Menerima budaya setempat Menyesuaikan dengan faktor geografi seperti: Bentuk muka bumi Cuaca Keadaan angin Suhu Tingkap yang banyak – penyejukan dan pengudaraan Menyesuaikan seni bina dengan budaya setempat masjid di China yang mengambil inspirasi rumah tradisional, kuil dan istana. Masjid Huang Sheng Si di Guangzhou Masjid Niu Jie di Beijing Masjid Zhen-Jiao Si di Hangzhou Kubah sebagai struktur utama bumbung Masjid Sultan Ahmet (Masjid Biru), Turki Binaan pintu gerbang yang besar Masjid Moti, India"
